{"标题": "ansys", "介绍": "ANSYS软件是美国ANSYS公司研制的大型通用有限元分析（FEA）软件，是世界范围内增长最快的计算机辅助工程（CAE）软件，能与多数计算机辅助设计（CAD，computer Aided design）软件接口，实现数据的共享和交换，如Creo, NASTRAN、Algor、I－DEAS、AutoCAD等。是融结构、流体、电场、磁场、声场分析于一体的大型通用有限元分析软件。在核工业、铁道、石油化工、航空航天、机械制造、能源、汽车交通、国防军工、电子、土木工程、造船、生物医学、轻工、地矿、水利、日用家电等领域有着广泛的应用。ANSYS功能强大，操作简单方便，已成为国际最流行的有限元分析软件，在历年的FEA评比中都名列第一。中国100多所理工院校采用ANSYS软件进行有限元分析或者作为标准教学软件。", "中文名": "ANSYS", "英文名": "ansys", "职责": null}
{"标题": "SnowFlake", "介绍": "《SnowFlake》是陈以桐演唱的歌曲，由Jason Chen填词。", "中文名": null, "英文名": "SnowFlake", "职责": null}
{"标题": "意大利西雅那银行", "介绍": "意大利西雅那银行(Banca MPS) 当今世界上最古老的银行。", "中文名": "意大利西雅那银行", "英文名": "Banca MPS", "职责": null}
{"标题": "麦德龙股份公司", "介绍": "麦德龙股份公司（Metro AG）常称作“麦德龙超市”，是德国最大、欧洲第二、世界第三的零售批发超市集团，在麦德龙和万客隆（仅限欧洲）品牌旗下拥有多家麦德龙现购自运商场，是德国股票指数DAX的成分公司，世界500强之一，分店遍布32个国家。", "中文名": null, "英文名": "Metro AG", "职责": null}
{"标题": "DoorDash", "介绍": "2015年3月20日报道，由 Stanley Tang、Andy Fang、及 Tony Xu 三位华裔创立的 DoorDash 在湾区发展得非常训迅速，已在美国 9 个城市提供服务，10 个月内，DoorDash 共计盈利千万美元。\n2020年8月，DoorDash以900亿元人民币市值位列《苏州高新区·2020胡润全球独角兽榜》第17。 [1]", "中文名": null, "英文名": "DoorDash", "职责": null}
{"标题": "lear", "介绍": "lear，英语单词，主要用作名词，作名词时译为“李尔（莎士比亚剧四大悲剧之李尔王中的主人翁）”。 [1]", "中文名": null, "英文名": "lear", "职责": null}
{"标题": "Verisk Analytics", "介绍": "Verisk Analytics是1971年成立于美国的上市企业。 [1]", "中文名": null, "英文名": "Verisk Analytics", "职责": null}
{"标题": "Asian Paints", "介绍": "Asian Paints，印度公司，1942年成立。", "中文名": null, "英文名": "Asian Paints", "职责": null}
{"标题": "Vibra Energia", "介绍": "Vibra Energia公司（VIBRA ENERGIA），巴西能源企业。 [1]", "中文名": null, "英文名": null, "职责": null}
{"标题": "Wintrust Financial", "介绍": "Wintrust Financial，是一家美国公司。", "中文名": null, "英文名": null, "职责": null}
{"标题": "李炳权", "介绍": "李炳权，游戏ID：Kakao，韩国《英雄联盟》职业选手，原KTA战队打野选手，2016年5月转至WYD战队担任打野。\n李炳权于2012年加入KTB战队开始自己的职业生涯，在2013年OGN夏季赛夺得亚军 [1]，2014年OGN夏季赛夺得冠军 [2]，2015年LPL夏季赛夺得季军。 [3]", "中文名": "李炳权", "英文名": null, "职责": null}
{"标题": "文本用户界面", "介绍": "TUI是指文本用户界面(Text-based User Interface)，通过文本实现交互窗口展示内容，定位光标和鼠标实现用户交互。", "中文名": "文本用户界面", "英文名": "Text-based user interface", "职责": null}
{"标题": "Atlassian", "介绍": "Atlassian，软件开发商。\n2019年10月23日， 2019《财富》未来50强榜单公布，Atlassian排名第6。 [1]", "中文名": null, "英文名": "Atlassian", "职责": null}
{"标题": "大联大控股股份有限公司", "介绍": "大联大控股股份有限公司(台湾证券交易所挂牌上市，股票代号: 3702)正式成立，集团总部位于台北，身为亚洲第一电子通路，结合世平集团、品佳集团、富威集团、凯悌集团、诠鼎集团及友尚集团等亚太区半导体通路领导品牌，员工人数逾5800人，代理产品线逾270条，服务网遍布亚洲四十多个据点；2010年截至第三季营业额近60亿美金(自结，尚未包括友尚集团)，是亚洲区市场份额最高之半导体零件分销商。", "中文名": null, "英文名": null, "职责": null}
{"标题": "tapestry", "介绍": "Tapestry并不是一种单纯的MVC框架，它更像MVC框架和模板技术的结合，它不仅包含了前端的MVC框架，还包含了一种视图层的模板技术，使用Tapestry完全可以与Servlet/JSP API分离，是一种非常优秀的设计。 通过使用Tapestry，开发者完全不需要使用JSP技术，用户只需要使用Tapestry提供的模板技术即可，Tapestry实现了视图逻辑和业务逻辑的彻底分离。", "中文名": "Tapestry", "英文名": "tapestry", "职责": null}
{"标题": "台湾企业银行", "介绍": "台湾中小企业银行（简称台湾企业银行）前系“台湾无尽株式会社”。\n2020年2月，2020年度“全球银行品牌价值500强排行榜”发布，台湾企业银行排名第372位。 [1]", "中文名": "台湾企业银行", "英文名": null, "职责": null}
{"标题": "珀金埃尔默仪器有限公司", "介绍": "珀金埃尔默仪器有限公司是业界著名的全球性技术领先公司，成立于1999 年5月28日，董事长是Robert F. Friel ，提供环境、食品和消费产品的测试仪器、诊断工具以及医疗和工业成像设备。近年来主要致力于确保人类健康和环境安全。", "中文名": null, "英文名": null, "职责": null}
{"标题": "IDEX", "介绍": "IDEX，是一家美国公司。", "中文名": null, "英文名": null, "职责": null}
{"标题": "清水建设株式会社", "介绍": "清水建设创建于1804年，总部位于日本东京，是一家拥有200多年历史的老牌建筑商，经过两个多世纪的发展，公司已经成为国际著名的建筑工程承包商。清水建设株式会社是一家著名的跨国建筑公司，以雄厚的技术力量、悠久的创业史而闻名。1804年，会社在日本东京诞生，经过几代人不懈的努力，清水建设不断发展壮大，分支机构已遍及全世界。近年来，清水建设多次被《财富》杂志评选为“世界上最值得尊敬的公司”之一。", "中文名": null, "英文名": "Shimizu", "职责": null}
{"标题": "Bath & Body Works", "介绍": "Bath & Body Works是美国地区最受女性朋友欢迎、最爱使用的品牌，在美国走平价路线贩售。是美国地区沐浴类产品的最大品牌，其产品系列包含：身体乳液、沐浴乳、身体喷雾等等，天然身体乳液。其产品最大的特点是：以缤纷的水果植物香味让肌肤享受尊宠的美丽与呵护。", "中文名": null, "英文名": "Bath & Body Works", "职责": null}
{"标题": "泰坦", "介绍": "原型是希腊神话中曾统治世界的古老的神族，这个家族是天穹之神乌拉诺斯和大地女神盖亚的子女，他们曾统治世界，但因为他们阉割了父亲乌拉诺斯，而受到乌拉诺斯的诅咒 最终被宙斯为首奥林波斯神族推翻并取代。又称提坦、泰坦巨人，《英雄无敌》系列游戏中从2代开始登场，直到《英雄无敌5》一直是学院（塔楼，术士）阵营的顶级部队。", "中文名": "泰坦", "英文名": "Titan", "职责": null}
{"标题": "Enphase Energy", "介绍": "Enphase Energy是一家美国能源企业，成立于2006年。", "中文名": null, "英文名": "Enphase Energy", "职责": null}
{"标题": "Luzerner Kantonalbank", "介绍": "Luzerner Kantonalbank，是一家瑞士公司。", "中文名": null, "英文名": null, "职责": null}
{"标题": "Avenue Supermarts", "介绍": "Avenue Supermarts，是一家印度公司。", "中文名": null, "英文名": null, "职责": null}
{"标题": "Nexi", "介绍": "Nexi 是麻省理工学院媒体实验室最引人注目的项目，也是麻省理工大学旗帜性的机器人。", "中文名": "Nexi", "英文名": null, "职责": null}
{"标题": "联强国际集团", "介绍": "联强国际集团（Synnex Technology International Corporation）是亚太地区最大的5C专业通路商，针对高科技产业供应链提供整合型服务。其营运据点，涵盖中国大陆、中国台湾、港澳、澳大利亚、泰国等国家及地区，并投资美国、加拿大、墨西哥及印度等国家，营运据点遍布全球29个国家、181个城市，形成以亚太为主轴，美洲、印度两翼为辅的全球通路布局。", "中文名": null, "英文名": "Synnex Technology International Corporation", "职责": null}
{"标题": "凯悦酒店", "介绍": "凯悦酒店集团（Hyatt Hotels Corporation），总部位于美国芝加哥，是一家酒店集团。凯悦集团拥有60多年的历史。\n凯悦酒店集团在世界各地管理、特许经营、拥有和开发凯悦品牌酒店、度假村、住宅和度假性产业。截至2013年9月30日为止，其在全球品牌产业已达535项。", "中文名": null, "英文名": "Hyatt Hotels Corporation", "职责": null}
{"标题": "Brambles", "介绍": "Brambles，是一家澳大利亚公司。", "中文名": null, "英文名": "Brambles", "职责": null}
{"标题": "万宝盛华", "介绍": "万宝盛华大中华有限公司（HKEX:2180.HK），1997年服务启航于香港和台湾。迄今服务已覆盖上海、北京、广州、深圳、香港及台湾等逾20座直营城市，总部坐标上海。大股东万宝盛华全球（ManpowerGroup Inc. NYSE:MAN）是全球人力资源解决方案领导者，拥有逾70年历史，服务网络覆盖70多个国家和地区。万宝盛华大中华深耕本土20余年，服务网络触达两岸四地290余城市 [5] [39]，服务企业逾两万家。2015年，万宝盛华大中华战略联盟中信产业基金，加速布局本土战略。2019年7月10日，万宝盛华大中华股份有限公司成功登陆港交所。公司始终致力于释放人才的发展潜能，凭借灵活用工、人才寻猎、招聘流程外包、管理咨询及培训发展等人力资源综合解决方案，广受业界赞誉，屡次荣膺“亚太人力资源领军企业”。 [1]", "中文名": null, "英文名": "ManpowerGroup Greater China", "职责": null}
{"标题": "Howmet Aerospace", "介绍": "Howmet Aerospace，是一家美国公司。", "中文名": null, "英文名": "Howmet Aerospace", "职责": null}
{"标题": "日本航空公司", "介绍": "日本航空公司（日语：日本航空 ，英文：Japan Airlines），简称日航、JAL ，是日本的国家航空公司，同时为寰宇一家成员之一 [1]。总部设于东京品川区，其以东京成田国际机场（国际线）及东京羽田国际机场（国内线）为基地，服务全球229个航点。原为日本规模最大的航空公司，在2010年1月申请破产保护后被全日空超越，但仍拥有日本各航空业者中最多的国际线航点及搭乘人次。\n日本航空公司是日本乃至整个亚洲规模最大的航空公司之一，世界500强企业之一，也一度被视作“日本株式会社”战后经济繁荣的骄傲象征。\n日本航空起源于1953年10月1日，当时是由日本政府立法成立的国有航空公司 [2]。1954年，日本航空开办了第一条往美国的跨太平洋国际航线。经过30年的扩展，日本航空在1987年实现完全民营化。2002年，日本航空与当时日本第三大航空公司日本佳速航空合并。日本航空的安全措施亦为国际航空运输协会所认可。2008年，日本航空每年乘客量为5000万 [3]。\n日本航空现使用波音767-300ER、波音777-200ER、波音777-300ER、波音787等作中长程国际飞行；短程及内陆则使用波音737、767及787。集团内另有4间营运国内线的航空公司：J-Air、日本空中通勤（JAC）、日本越洋航空（JTA）及琉球空中通勤（RAC），提供接驳服务及往次要航点的短途航班 [4]。2018年12月，世界品牌实验室发布《2018世界品牌500强》榜单，日本航空公司排名第464。 [5]", "中文名": null, "英文名": "Japan Airlines", "职责": null}
{"标题": "三星电机", "介绍": "1973年，三星电机(SEMCO)从一个电子元件生产厂家开始，通过倡导创新的企业文化，创造出超一流制造竞争力。公司逐步导入了TPM、6SIGMA、TPS、奇才HOUSE 等先进的革新体系，凭借其核心技术，成为韩国电子元件产业之中枢的同时，将产品国际化，并走向世界。成为全球著名电子产品核心部件供应商，主要生产手机、电脑等数码产品核心部件。", "中文名": null, "英文名": "Samsung Electro-Mechanics,SEMCO", "职责": null}
{"标题": "quilter", "介绍": "quilter，英语单词，主要用作名词，作名词时译为“缝被子的人；绗缝附件”。 [1]", "中文名": null, "英文名": "quilter", "职责": null}
{"标题": "庄信万丰", "介绍": "庄信万丰（Johnson Matthey）于1817年建立现在于伦敦，是一家全球性专用化学品公司，致力于发展催化剂、贵金属和专用化学品核心技术。", "中文名": null, "英文名": "Johnson Matthey", "职责": null}
{"标题": "理光", "介绍": "理光（Ricoh），是日本著名的办公设备及光学机器制造商，世界五百强企业。市村清在1936年成立理化学研究所，研究所主要研究理研阳画感光纸，1963年正式易名为理光，并在同年成立香港分公司。现在理光的主要产品包括影印机、传真机、打印机等文仪器材，文档解决方案，以及轻便型数码相机。", "中文名": null, "英文名": "株式会社リコー，Ricoh Company, Ltd.", "职责": null}
{"标题": "FIBI Holdings", "介绍": "FIBI Holdings，是一家以色列公司。", "中文名": null, "英文名": "FIBI Holdings", "职责": null}
{"标题": "殷拓集团", "介绍": "殷拓集团(EQT)是国际投资巨头银瑞达公司(Investor AB)进行私募股权投资的载体之一。银瑞达总部设在瑞典的银瑞达公司是一家在全球均设有分支机构的工业控股公司，涉足中国市场的时间可以追溯到一个多世纪前。银瑞达是北欧地区最大的实业控股公司，是多家顶尖跨国企业的主要股东，旗下包括ABB、爱立信（Ericsson）和伊莱克斯（Electrolux）等多家世界五百强公司。银瑞达的投资领域主要包括美国、北欧和亚洲的非上市公司。截止2006年12月31日，银瑞达的总资产净值达160多亿欧元。", "中文名": null, "英文名": "EQT PARTNERS", "职责": null}
{"标题": "visual foxpro", "介绍": "Visual FoxPro简称VFP，是Microsoft公司推出的数据库开发软件，用它来开发数据库，既简单又方便。Visual FoxPro源于美国Fox Software公司推出的数据库产品FoxBase，在DOS上运行，与xBase系列相容。FoxPro原来是FoxBase的加强版，最高版本曾出过2.6。之后，Fox Software被微软收购，加以发展， 使其可以在 Windows 上运行， 并且更名为 Visual FoxPro。最新版为 Visual FoxPro 9.0，而在学校教学和教育部门考证中还依然沿用经典版的 Visual FoxPro 6.0。在桌面型数据库应用中，处理速度极快，是日常工作中的得力助手。", "中文名": null, "英文名": null, "职责": null}
{"标题": "JB金融集团", "介绍": "JB金融集团，是一家韩国公司。", "中文名": null, "英文名": null, "职责": null}
{"标题": "普拉达", "介绍": "普拉达（PRADA）是意大利奢侈品牌，由马里奥·普拉达（Mario Prada）于1913年在意大利米兰创建。 [18]缪西娅·普拉达（Miuccia Prada）的独特天赋在于对新创意的不懈追求，融合了对知识的好奇心和文化兴趣，从而开辟了先驱之路。她不仅能够预测时尚趋势，更能够引领时尚潮流。 [5]\n2018年12月，世界品牌实验室独家编制的2018年度（第十五届）《世界品牌500强》排行榜在美国纽约揭晓，普拉达排名第191。 [1]2019年10月，Interbrand发布的全球品牌百强榜排名100 [2]\n普拉达提供男女成衣、皮具、鞋履、眼镜及香水，并提供量身定制服务。截至2021年普拉达官网显示，普拉达有：珠宝、衣物配饰、香水、手表、高跟鞋、太阳镜、手袋等系列产品。", "中文名": "普拉达", "英文名": "PRADA", "职责": null}
{"标题": "野村综合研究所", "介绍": "野村综合研究所(简称NRI)是日本一个著名的研究机构，它的前身是野村证券公司的调查部，1965年4月1日正式成立。研究所设有以研究为主的镰仓总部和以调查为主的东京总部，有“双头雕”之称。在纽约、伦敦、香港、巴西等地设有分支机构。 野村综合研究所是日本思想库的代表，不论是其历史和规模，还是国际活动和综合能力，或者是研究实力和影响，在日本乃至世界上都是比较突出的。", "中文名": null, "英文名": null, "职责": null}
{"标题": "德国莱茵金属公司", "介绍": "德国莱茵金属公司（Rheinmetall GmbH）为德国一家战斗车辆武器配件及防卫产品制造商，著名产品包括豹2、M1A1、M1A2等装甲车辆及自行火炮的主炮。\n以生产L55滑膛坦克炮著称，其火炮技术堪称世界一流，无人能比。现为德国国内最大的军工企业集团，业务遍及全世界。", "中文名": null, "英文名": "Rheinmetall GmbH", "职责": null}
{"标题": "Aareal Bank", "介绍": "Aareal Bank，是一家德国公司。", "中文名": null, "英文名": null, "职责": null}
{"标题": "CTP", "介绍": "综合交易平台（Comprehensive Transaction Platform）简称CTP，是专门为期货公司开发的一套期货经纪业务管理系统，由交易、风险控制和结算三大系统组成，交易系统主要负责订单处理、行情转发及银期转账业务，结算系统负责交易管理、帐户管理、经纪人管理、资金管理、费率设置、日终结算、 信息查询以及报表管理等， 风控系统则主要在盘中进行高速的实时试算，来及时揭示并控制风险。", "中文名": "综合交易平台", "英文名": "Comprehensive Transaction Platform", "职责": null}
{"标题": "阿拉伯银行", "介绍": "约旦的阿拉伯银行是中东地区最有实力的财团之一，其业务范围辐射整个阿拉伯世界以及欧美主要国家。", "中文名": "阿拉伯银行", "英文名": null, "职责": null}
{"标题": "欧姆龙集团", "介绍": "欧姆龙集团从1933年5月10日创业，通过不断创造新的社会需求，已经发展成为全球知名的自动化控制及电子设备制造厂商，掌握着世界领先的传感与控制核心技术。", "中文名": "欧姆龙集团", "英文名": "OMRON Corporation", "职责": null}
{"标题": "城市发展", "介绍": "城市发展，是指城市在一定地域内的地位与作用及其吸引力、辐射力的变化增长过程。是满足城市人口不断增长的多层次需要的过程。包括量的扩张和质的提高。量的扩张表现为城市数量的增加和规模的扩大，即城市化水平的提高；质的提高则表现为城市功能的加强，现代化水平的提高。城市发展，从空间角度而言，是存在于一个国家或地区的一个独特的居民点形式；从经济角度而言，城市的第二、第三产业是整个区域及国家经济整体中的一个重要部分。城市作为地域经济、技术、政治、生产、人口、信息、交通、文化等的集聚点，对其周围地域具有一定的吸引力，城市在运行过程中也不断对周围地域产生辐射力。考察城市发展，不但要看其自身增长变化情况，更重要的是考察其对周围地区吸引力、辐射力的变化，考察其在地区中地位作用以及对周围地区“贡献率”大小的变化。 [1]", "中文名": "城市发展", "英文名": "urban development", "职责": null}
{"标题": "ATOS", "介绍": "源讯是一家从事咨询和IT服务的国际性公司，源讯通过高科技交易服务，咨询，解决方案和运营管理，以“客户的远景，我们的承诺”为公司目标，服务于全球广泛的蓝筹股客户群。", "中文名": "ATOS", "英文名": null, "职责": null}
{"标题": "京叶银行", "介绍": "京叶银行，是一家日本银行。", "中文名": null, "英文名": null, "职责": null}
{"标题": "日本大成建设集团", "介绍": "日本大成建设集团是日本大型的综合建设公司，集团的规模在建筑界属顶尖地位，主要从事建筑、土木、开发等。创立于1917年12月。从1959年开始，公司在海外扩展分支机构，其在雅加达建了14个饭店，有18个海外联络处，在亚洲欧洲北美及其它地方的30多个国家共有35个分支机构。", "中文名": null, "英文名": null, "职责": null}
{"标题": "zalando", "介绍": "Zalando 是总部位于德国柏林的大型网络电子商城， 其主要产品是服装和鞋类。", "中文名": null, "英文名": null, "职责": null}
{"标题": "HubSpot", "介绍": "HubSpot于2005年4月4日在特拉华州成立。由Brian Halligan、Dharmesh Shah共同创立。该公司提供了一个基于云计算的市场营销和销售的软件平台，主要为中小型企业开发营销软件。 [3-4]\nHubspot有三款产品，Marketing、CRM和Sales，共同实现Inbound Marketing全流程服务。其中，Marketing是核心，提供SEO、社交媒体、网页制作及优化、网站评分等工具产品；CRM实现数据可视化，并自动追踪客户行为；Sales作为联系销售人员与客户的工具。 [6]", "中文名": null, "英文名": "HubSpot", "职责": null}
{"标题": "美国自由媒体集团", "介绍": "自由媒体集团是世界六大媒体集团之一，同时也是新闻集团的第二大股东和时代华纳的最大股东。总裁是约翰·马龙先生。LMC 自由媒体集团是世界最大的传媒联合企业之一，它是美国在线/ 时代华纳公司最大的股东，也是仅次于默多克的新闻集团的第二大股东。 自由媒体集团在美国、欧洲、南美及亚洲等地的视频节目、通讯、技术 和互联网等领域均有广泛投资。其他主要资产包括在星光映佳集团、探 索通讯公司(Discovery)、QVC公司、SPRINTPCS集团、摩托罗拉公司 (Motorola)、博酷在线等的投资。国际方面，自由媒体集团通过日本的JUPITER和 英国的西部电信成为当地有线运营和节目平台的主要产权合伙人。在南美、澳大利亚及欧 洲大部分地区，它与UPC公司一起经营有线电视。自由媒体集团拥有映佳国际传播公司90%的股份。自由媒体集团的任务是管理其资产，使其每股价值得到最大限度的增值。", "中文名": null, "英文名": "LMC", "职责": null}
{"标题": "罗布乐思", "介绍": "罗布乐思旗下拥有「罗布乐思」APP及Studio。 [2]「罗布乐思」APP及Studio组成集体验、开发于一体的多人在线3D创意社区。 [2]罗布乐思通过提供强大的编辑工具和素材，让用户能够尽情创作内容，并在虚拟社区中与伙伴一同体验交流、共同成长。 [3]\nRoblox上线于2004年，是世界最大的多人在线创作沙盒游戏社区， [8]2021年日活跃用户数达到了4210万。 [4]2019年5月29日，Roblox及腾讯正式官宣，推出专为中国内地用户特别设计的本地化的「罗布乐思」， [9]腾讯作为Roblox中国区发行商，与Roblox成立合资公司「罗布乐思」负责中国地区的运营。 [10]2021年12月8日，罗布乐思结束删档测试并关闭服务器。 [34]", "中文名": "罗布乐思", "英文名": "Roblox", "职责": null}
{"标题": "嘉茂信托", "介绍": "嘉茂信托是凯德商用旗下的房地产信托基金。", "中文名": "嘉茂信托", "英文名": "CapitaMallTrust", "职责": null}
{"标题": "机会路由", "介绍": "麻省理工大学的研究者提出了机会路由策略,它是一种用于无线多跳网络的路由协议,充分利用无线网络的广播特性能进行数据传输,并且改变了IP包结构,增加了多个目的地址。", "中文名": "机会路由", "英文名": "Opportunistic routing", "职责": null}
{"标题": "中国航油（新加坡）股份有限公司", "介绍": "中国航油（新加坡）股份有限公司\n2022年7月，位列2022年《财富》中国500强排行榜第120位。 [1]", "中文名": null, "英文名": null, "职责": null}
{"标题": "Rollins", "介绍": "《Rollins》是Daniele Mencarelli演唱的歌曲，收录于专辑《Salto nel vuoto》。 [1]", "中文名": null, "英文名": "Rollins", "职责": null}
{"标题": "墨菲石油公司", "介绍": "墨菲石油公司是美国一家石油和天然气综合性公司，成立于1963年5月20日，总部设在阿肯色州的埃尔多拉多。下设有美国墨菲石油公司、墨菲东部石油公司、墨菲石油有限公司、墨菲勘探与生产公司等分公司。\n2014年10月1日，墨菲石油称，该公司已经同意以20亿美元的价格将旗下马来西亚油气资产的30%股权出售给印度尼西亚国有能源公司PT Pertamina。 [1]", "中文名": "墨菲石油公司", "英文名": null, "职责": null}
{"标题": "美国联邦通信委员会", "介绍": "美国联邦通信委员会（英语：Federal Communications Commission，简称：FCC），是一家独立的政府机构，直接对美国国会负责，于1934年由COMMUNICATION ACT建立，它负责常规的州际、国际通信，如：电视机，电线、卫星、电缆方面的工作，涉及美国50多个州、哥伦比亚以及美国所属地区，为确保与生命财产有关的无线电和电线通信产品的安全性。\n2019年12月5日，华为在美国法院提交起诉书，起诉美国联邦通信委员会。 [1]", "中文名": "美国联邦通信委员会", "英文名": "Federal Communications Commission", "职责": null}
{"标题": "纪阳银行", "介绍": "纪阳银行，是一家日本银行。", "中文名": "纪阳银行", "英文名": null, "职责": null}
{"标题": "GAP", "介绍": "GAP（盖璞）是美国最大的服装公司之一。1969年创建时，只有屈指可数的几名员工。它是拥有五个品牌（GAP、Banana Republic、Old Navy、Athleta、Intermix）3200多家连锁店、年营业额超过130亿美元、员工16.5万人的跨国公司。\n在说McFashion的时候，很难回避GAP。这个一度在全世界风靡一时的平价时装品牌，当年与很多明星联系在一起，比如莎朗·斯通穿着它去参加奥斯卡颁奖晚会；而另外一个让该品牌如此出名的竟然是莱温斯基、那件著名的蓝裙子，也是GAP的。\n由 Donald 和 Doris Fisher 在1969年，成立于加州旧金山的 GAP，从在创业初期的一个小店和几个员工到今天成为美国最大的服装集团之一，GAP 集团 无疑是美国服装业中最引人注目的企业之一。\n2021年3月25日，据界面数据统计，GAP曾在2020年3月发布过“抵制新疆棉花”的声明。 [8]", "中文名": null, "英文名": "GAP", "职责": null}
