{"标题": "布鲁金斯学会", "介绍": "布鲁金斯学会（Brookings Institution），美国著名智库之一，是华盛顿特区学界的主流思想库之一，其规模之大、历史之久远、研究之深入，被称为美国“最有影响力的思想库”并不为过。", "中文名": "布鲁金斯学会", "英文名": "Brookings Institution", "职责": null}
{"标题": "卡内基国际和平研究院", "介绍": "卡内基国际和平研究院，创设于1910年，研究的主要范围包括：亚非政策、国际安全、全球经济、环境能源、核扩散、俄罗斯及欧亚事务等，在世界各地有百位研究专家。", "中文名": "卡内基国际和平研究院", "英文名": "Carnegie Endowment for international Peace", "职责": null}
{"标题": "美国进步中心", "介绍": "美国进步中心（Center for American Progress ）美国的智囊团之一。最早称作美国进步政策研究所，是美国民主党领导委员会的政策机构，成立于1989年。它是对美国外交政策影响比较突出思想库之一。", "中文名": "美国进步中心", "英文名": "Center for American Progress", "职责": null}
{"标题": "北大西洋理事会", "介绍": "北大西洋理事会（North Atlantic Council），亦称北约理事会，系北约最高政治决策机构。 [1]", "中文名": "北大西洋理事会", "英文名": "North Atlantic Council", "职责": null}
{"标题": "兰德公司", "介绍": "兰德公司是美国最重要的以军事为主的综合性战略研究机构。它先以研究军事尖端科学技术和重大军事战略而著称于世，继而又扩展到内外政策各方面，逐渐发展成为一个研究政治、军事、经济科技、社会等各方面的综合性思想库，被誉为现代智囊的“大脑集中营”、“超级军事学院”，以及世界智囊团的开创者和代言人。它可以说是当今美国乃至世界最负盛名的决策咨询机构。", "中文名": null, "英文名": "Rand", "职责": null}
{"标题": "美国传统基金会", "介绍": "美国传统基金会（Heritage Foundation）是美国新右派的主要政策研究机构，代表美国西南部财团和保守势力的利益，曾积极支持并影响过里根政府，该会有11名成员在里根政府中任职。\n美国传统基金会成立于1973年，由约瑟夫·库尔斯和保罗·韦里奇创建，总部设于美国首都华盛顿哥伦比亚特区。库尔斯是科罗拉多州大啤酒制造商阿道夫·库尔斯公司总经理、美国极右组织约翰·伯奇协会（Job Birch Society）的创始人、里根“厨房内阁”的重要成员之一。", "中文名": "美国传统基金会", "英文名": "Heritage Foundation", "职责": null}
{"标题": "胡佛研究所", "介绍": "斯坦福大学胡佛战争、革命与和平研究所（The Hoover Institution on War, Revolution, and Peace）简称胡佛研究所（Hoover Institution），是美国西海岸著名的公共政策智囊机构，由斯坦福大学毕业生、美国第三十一任总统赫伯特·胡佛于1919年创建。研究所对美国新保守主义和自由意志主义运动影响很大，2001年开始出版《政策评论》（Policy Review）。", "中文名": "胡佛战争、革命与和平研究所", "英文名": "The Hoover Institution on War, Revolution, and Peace", "职责": null}
