{"标题": "美国国防部高级研究计划局", "介绍": "美国国防高级研究计划局（Defense Advanced Research Projects Agency），简称DARPA，是美国国防部属下的一个行政机构，负责研发用于军事用途的高新科技。成立于1958年，当时的名称是“高等研究计划局”（Advanced Research Projects Agency，简称ARPA），1972年3月改名为DARPA，但在1993年2月改回原名ARPA，至1996年3月再次改名为DARPA。其总部位于弗吉尼亚州阿灵顿县。\n该局成立于1958年2月，隶属于国防研究与工程署。工作人员不足200人，多由文职人员组成，其中多为各学科一流专家、学者。采用精干的管理方式，管理层精练，分为局长、业务处长和项目主任三层。该局业务机构分为技术部门和保障部门两类，其中技术部门包括国防科学处、电子技术处、信息系统处、信息技术处、传感器技术处、战术技术处、两用技术计划处、先进信息技术服务联合计划处以及高续航力无人机项目处；保障部门包括：审计处、合同管理处、行政管理和小企业管理处、安全与情报处以及法律顾问处。", "中文名": "美国国防部高级研究计划局", "英文名": "Defense Advanced Research Projects Agency", "职责": "研发用于军事用途的高新科技"}
{"标题": "美国国防信息系统局", "介绍": "美国国防信息系统局，成立于2003年10月，美国国防信息系统局（DISA）宣布其正在进行结构调整工作，以便和国防部的其他部门紧密合作。", "中文名": "美国国防信息系统局", "英文名": null, "职责": null}
{"标题": "美国国防情报局", "介绍": "美国国防情报局(Defense Intelligence Agency,DIA)是美国情报机构中最神秘的一个部门，具体的人员和预算都不为外界所知。是根据1961年8月1日的美国国防部命令成立的。主要负责：满足国防部主要部门的情报要求；管理国防部的所有自动化数据处理项目和情报机构；建立并管理军事图像的处理、扩印、译释和分析设施，以及建立为整个国防系统服务的图书馆情报机构；对配属或包括在国防情报局内的国防部情报资源进行组织、指导、管理和控制。", "中文名": "美国国防情报局", "英文名": "Defense Intelligence Agency", "职责": null}
{"标题": "美国导弹防御局", "介绍": "美国导弹防御局(MDA)正在请求国会批准2005年91.6亿美元的预算，此预算比2004年增长了19%。据MDA的预算文件，预算增长主要用于支持美国的本土防御系统在2004年末的部署；在2005年具备初始的海基导弹防御能力；并发展在助推阶段拦截敌人导弹的能力。递交国会的预算计划也反映出MDA2004年所作的将天基导弹拦截器的试验由2005年推迟到2012或2013年的决定。MDA原来计划用于此项目的大部分资金将被转移到动能拦截器计划。", "中文名": "美国导弹防御局", "英文名": "MDA", "职责": null}
{"标题": "美国国家地理空间情报局", "介绍": "美国国家地理空间情报局（NGA），全称National Geospatial-Intelligence Agency。它的诞生始于“9.11事件”以后，其首要任务是协助情报部门挑选、分析和发布地理空间信息。NGA的前身是NIMA（The National Imagery and Mapping Agency），即美国国家影像与制图局。 NIMA 更名为NGA，反映了美国测绘科技从传统影像制图发展到对地理空间信息的快速获取与监测。", "中文名": "美国国家地理空间情报局", "英文名": "NGA", "职责": null}
{"标题": "美国国家侦察局", "介绍": "美国国家侦察局（National Reconnaissance Office），简称国侦局（NRO）美国国家侦察局位于美国弗吉尼亚州，是美国的16个情报机构之一。该机构为美国政府设计、组装并发射侦察卫星。并协调、收集和分析从中央情报局以及军事机构的航天飞机、卫星收集到的情报。该机构得到国家侦察计划（外国情报收集计划的一部分）的拨款。该机构是国防部的组成部分之一。", "中文名": "美国国家侦察局", "英文名": "National Reconnaissance Office", "职责": null}
{"标题": "美国国家安全局", "介绍": "美国国家安全局（National Security Agency，简写为NSA）是美国政府机构中最大的情报部门专门负责收集和分析外国及本国通讯资料，隶属于美国国防部，又称国家保密局。它是1952年根据杜鲁门总统的一项秘密指令，从当时的军事部门中独立出来，用以加强情报通讯工作的，是美国情报机构的中枢。\nNSA总部的建筑面积为15公顷，位于华盛顿以北的马里兰州米德堡，在距巴尔的摩市华盛顿公园几百米远的森林中，其规模比中央情报局总部还大，号称“神秘迷宫”。\nNSA是全世界单独雇佣数学博士、计算机博士和语言学家最多的机构，也是美国最神秘的情报机构，由于过于神秘，甚至完全不为美国政府的其他部门所了解，所以它的缩写NSA经常被戏称为“No Such Agency（没有这个局）”。\n美国国家安全局（NSA）自2009年起即入侵中国香港及中国内地的计算机，目标包括香港中文大学、公职官员、企业及学生电脑 [1]。2013年8月，美国国家安全局局长亚历山大（Keith B. Alexander）在纽约福德汉大学的网络安全会议表示，美国国家安全局1000名系统管理员几乎都会被辞退。 [2]2014年1月1日，美国国家安全局（NSA）在三星、Cisco、华为和戴尔等电脑与通信设备企业的产品里也植入了间谍软件（个人情报窃取程序）。2014年1月14日，美国国家安全局被曝在全球范围内的10万台电脑中植入监控软件。2014年3月27日，美国国家安全局（NSA）将停止对公民电话通信数据进行大规模监听和储存。", "中文名": "美国国家安全局", "英文名": "National Security Agency", "职责": null}
{"标题": "美国国防大学及所属学院", "介绍": "美国国防大学的任务是实施高等军事教育，主要培训军队高级和中级指挥军官、联邦政府官员，并对国家安全战略问题进行综合研究。国防大学下辖国家军事学院、武装部队工业学院、武装部队参谋学院、国防计算机学院。", "中文名": "美国国防大学及所属学院", "英文名": null, "职责": null}
{"标题": "美国陆军工程兵团", "介绍": "美国陆军工程兵团（又称美国陆军工兵队、美国陆军工程师兵团等，英语：United States Army Corps of Engineers，USACE）是隶属于美国联邦政府和美国军队的机构，一共有3万多文职人员和6百多军人，是世界最大的公共工程、设计和建筑管理机构。", "中文名": "美国陆军工程兵团", "英文名": "United States Army Corps of Engineers，USACE", "职责": null}
{"标题": "美国海军研究实验室", "介绍": "美国海军研究实验室（英文：United States Naval Research Laboratory），简称NRL，是美国海军及海军陆战队的财团法人研究实验室，进行着范围广泛的科学研究和先进技术开发。美国海军研究实验室是在爱迪生的建议下于1923年成立的。\n1946年美国海军研究所设立后，美国海军研究实验室被置于其所长指挥下。", "中文名": "美国海军研究实验室", "英文名": "英文：United States Naval Research Laboratory", "职责": null}
{"标题": "美国海军情报办公室", "介绍": "美国海军情报办公室是一个职能部门。", "中文名": "美国海军情报办公室", "英文名": null, "职责": null}
{"标题": "美国海军学院", "介绍": "美国海军学院（United States Naval Academy，缩写USNA），台湾与大英百科全书译为美国海军军官学校，位于马里兰州首府安纳波利斯，因此又称\"安纳波利斯军校\"，爱国者联盟成员（男子橄榄球队除外，于2015年加入AAC联盟） [1-5]。是美国海军培养初级军官的一所重点学校。\n该校的主要任务是为海军舰艇部队、海军航空兵部队和海军陆战队培养各种专业的初级军官。学院的格言是“ex scientia tridens”，字面上来翻译这句拉丁文的意思是“三叉戟是用知识铸造的”；三叉戟是希腊神话中海神波塞冬的武器，是海军力量的标志；因此，意译这句话的意思是“制海权来自于知识”。", "中文名": "美国海军学院", "英文名": "United States Naval Academy", "职责": null}
{"标题": "美国空军研究实验室", "介绍": "美国空军研究实验室（Air Force Research Laboratory 缩写AFRL），成立于1997年10月31日，是美国空军（USAF）的专职科研机构，隶属于由美国空军装备司令部。\n该机构致力于以超前的科技承担起的航空航天作战技术的创新、开发和集成；负责空军科学和技术方案的规划和执行；提升美国的太空、近空和网络空间力量的作战能力。该机构掌握整个空军的科学和技术研究预算为240亿美元（2006年数据）。", "中文名": "美国空军研究实验室", "英文名": "Air Force Research Laboratory", "职责": null}
{"标题": "美国空军装备司令部", "介绍": "美国空军装备司令部（Air Force Materiel Command ，AFMC）是美国空军的一个一级司令部，直接向空军总部汇报。", "中文名": "美国空军装备司令部", "英文名": "Air Force Materiel Command", "职责": null}
{"标题": "美国空军预备役司令部", "介绍": "美国空军预备役司令部于1948年4月14日成立。 [1]", "中文名": "美国空军预备役司令部", "英文名": null, "职责": null}
{"标题": "美国非洲司令部", "介绍": "美国非洲司令部（简称USAFRICOM）授权负责非洲地区制度、国家和人民的稳定、安全、卫生、福利，这在逻辑上等于说司令部人员在一定程度上要在非洲部署。 [1]", "中文名": "美国非洲司令部", "英文名": "USAFRICOM", "职责": null}
{"标题": "美国中央司令部", "介绍": "美国中央司令部是美国国防部下的一个战区性联合作战司令部，创建于1983年，其前身为快速部署联合任务部队（Rapid Deployment Joint Task Force，缩写：RDJTF）。中央司令部涵盖了位于欧洲，非洲和太平洋地区之间的全球“中心”地区。\n2019年4月16日，美国中央司令部被伊朗列为恐怖组织。 [1]\n2022年5月9日，埃及总统府发言人拉迪发表声明说，总统塞西当天在埃及武装部队总司令、国防和军工生产部长扎基的陪同下会见了到访的美国中央司令部司令库里拉。 [4]", "中文名": "美国中央司令部", "英文名": "United States Central Command", "职责": null}
{"标题": "美国欧洲司令部", "介绍": "美军九大联合作战司令部之一。成立于1952年8月1日，辖区内包括92个国家。司令部有参谋人员1200名，另有3000名参谋军官分布在德国、英国、意大利和西班牙境内的分支司令部内，2015年驻有部队6.7万人。 [1]欧洲司令部司令同时还是北约盟军的最高司令。", "中文名": "美军欧洲司令部", "英文名": "United States European Command", "职责": null}
{"标题": "美国印度洋－太平洋司令部", "介绍": "美国印度太平洋司令部是美军9大联合作战司令部之一，正式组建于1947年1月1日。位于夏威夷H·M·史密斯兵营，由司令办公室、副司令/参谋长办公室、副参谋长办公室、15个专业办公室（每个办公室1～10人不等）、6个部及所属处组成。", "中文名": "美国印度洋－太平洋司令部", "英文名": "United States Indo-Pacific Command", "职责": null}
{"标题": "美国北方司令部", "介绍": "美国北方司令部(USNORTHCOM)是美国9大一体化司令部之一， 主要任务是协助政府履行民事职责，抵御针对美国本土、阿拉斯加、加拿大、墨西哥的袭击。", "中文名": "美国北方司令部", "英文名": null, "职责": null}
{"标题": "美国南方司令部", "介绍": "美国南方司令部(USSOUTHCOM)， 驻与美国佛罗里达州大迈阿密多拉，是美军九大联合作战司令部之一，职责地域是加勒比海、中美洲和南美洲，也负责巴拿马运河的防御。", "中文名": "美国南方司令部", "英文名": "USSOUTHCOM", "职责": null}
{"标题": "美国太空司令部", "介绍": "美国太空司令部是2018年6月美国总统特朗普下令国防部立即启动组建太空军的进程后，在2018年12月，特朗普下令成立新的太空司令部作为主要的军事司令部，这一行政命令在2018年12月18日签署。\n2019年8月20日美国副总统彭斯正式宣布，美国太空司令部于8月29日正式成立。 [1]8月29日，美国总统特朗普在白宫宣布建立美国太空司令部，四星空军上将约翰·雷蒙德担任首任领导。 [2]\n现任司令：斯蒂芬·怀廷 [8]", "中文名": "美国太空司令部", "英文名": null, "职责": null}
{"标题": "网络司令部", "介绍": "美国空军18日宣布成立临时“网络司令部”。法新社评论说，美国空军在18日庆祝自己60岁“生日”的同时，为备战网络战争、争夺“制网权”迈出重要一步。 美空军部长迈克尔·温18日宣布，临时“网络司令部”设在路易斯安那州巴克斯代尔空军基地。临时司令部成立前，巴克斯代尔空军基地实际上已为美空军网络作战发挥核心作用。 正式成立后的“网络司令部”将“训练部队在网络中和通过网络持续作战的技能，使网络作战与空中、太空作战充分融合”。\n2018年5月4日，美军战略司令部旗下的“网络司令部”升级为独立的联合作战司令部。 [1]", "中文名": "网络司令部", "英文名": "Cyber Command", "职责": null}
{"标题": "美国特种作战司令部", "介绍": "美国特种作战司令部是指挥美国陆军、海军、空军和海军陆战队所属各特种部队的联合作战司令部。该司令部是美国国防部的一部分，总部设在佛罗里达坦帕麦克迪尔空军基地。", "中文名": "美国特种作战司令部", "英文名": "United States Special Operations Command", "职责": null}
{"标题": "美国战略司令部", "介绍": "美国战略司令部总部位于美国本土中心地带的内布拉斯加州奥法特空军基地，于2002年由美国航天司令部和战略司令部合并而成，旨在将空间、信息对抗和进攻打击能力有机结合在一起，执行空间和全球打击等任务。其任务领域为：网络战，导弹防御，空间和全球打击，情报、监视和侦察，以及大规模杀伤性武器。", "中文名": "美国战略司令部", "英文名": "United States Strategic Command", "职责": null}
