{"标题": "Eversource Energy", "介绍": "Eversource Energy，是一家美国公司。", "中文名": null, "英文名": "Eversource Energy", "职责": null}
{"标题": "Eversource Energy", "介绍": "Eversource Energy，是一家美国公司。", "中文名": null, "英文名": "Eversource Energy", "职责": null}
{"标题": "Eversource Energy", "介绍": "Eversource Energy，是一家美国公司。", "中文名": null, "英文名": "Eversource Energy", "职责": null}
{"标题": "思科", "介绍": "思科公司是全球领先的网络解决方案供应商。Cisco的名字取自San Francisco（旧金山），那里有座闻名于世界的金门大桥。可以说，依靠自身的技术和对网络经济模式的深刻理解，思科成为了网络应用的成功实践者之一。\n与此同时思科正在致力于为无数的企业构筑网络间畅通无阻的“桥梁”，并用自己敏锐的洞察力、丰富的行业经验、先进的技术，帮助企业把网络应用转化为战略性的资产，充分挖掘网络的能量，获得竞争的优势。\n2018年7月19日，《财富》世界500强排行榜发布，思科公司位列212位。 [1]2018年12月18日，世界品牌实验室编制的《2018世界品牌500强》揭晓，思科排名第15位。 [2]2019年7月，发布2019《财富》世界500强：位列225位。 [3]2019年10月，Interbrand发布的全球品牌百强榜排名15。 [4]\n2020年7月，福布斯2020全球品牌价值100强发布，思科排名第15位。\n2024年2月14日，思科系统公司宣布计划裁员5%，即大约4250个工作岗位，成为2024年最新一家宣布裁员的科技公司。该公司股价盘后一度大跌9%，目前下跌约5.75%。 [43]", "中文名": null, "英文名": "Cisco Systems", "职责": null}
{"标题": "田纳西河流域管理局", "介绍": "田纳西河流域管理局 （Tennessee Valley Authority）成立于1933年5月，是大萧条时代罗斯福总统规划专责解决田纳西河谷一切问题的机构，位于美国田纳西州诺克斯维尔。整体规划水土保持、粮食生产、水库、发电、交通等，创新为“地理导向”的一个整体解决方案机构，获得很大的成功，一直经营。", "中文名": "田纳西河流域管理局", "英文名": "TennesseeValley Authority （TVA）", "职责": null}
